"","NSI","MaxHostSize"
"Contrast.1",0.04152,0.00405
"Contrast.2",0,0
"Contrast.3",0.01716,0.03023
"Contrast.4",0,0
"Contrast.5",0.16553,0.09463
"Contrast.6",0.45859,-0.20256
"Contrast.7",0.1847,-0.11613
"Contrast.8",0,0.09224
"Contrast.9",0,-0.03719
"Contrast.10",-0.08754,-0.08257
"Contrast.11",0.11719,-0.02669
"Contrast.12",0.1612,-0.00904
"Contrast.13",0.25614,-0.07076
"Contrast.14",0.12913,-0.08901
"Contrast.15",0.09254,-0.04756
"Contrast.16",0.11082,-0.00829
"Contrast.Root",0.01401,0.04786
