"","time","popfr"
"1",1846,35.402
"2",1851,35.783
"3",1856,36.039
"4",1861,37.386
"5",1866,38.067
"6",1871,37.16868
"7",1876,36.103
"8",1881,36.906
"9",1886,37.672
"10",1891,38.219
"11",1896,38.343
"12",1901,38.517
"13",1906,38.962
"14",1911,39.252
"15",1916,39.541
"16",1921,39.62759
"17",1926,39.108
"18",1931,40.581
"19",1936,41.524
"20",1941,41.502
"21",1946,41.70785
"22",1951,40.503
