"","water","N2O"
"1",17.3,0.369842256359267
"2",23.2,1.1389403415263
"3",27.4,1.64916692349609
"4",32.5,2.36461066488672
"5",37.4,2.66379065579629
"6",42.2,5.52321783953953
"7",47.6,11.3033726066411
"8",52.7,13.3974804342511
"9",57.4,13.0385171451155
"10",67.6,10.6552068981793
"11",72.4,8.02042990887447
"12",77.4,3.50598461496825
"13",82.3,2.44151433026305
"14",87.6,1.06794801503731
