"","logdose","CS2mgL","exposed","killed"
"1",1.69072754387037,49.06,59,6
"2",1.72419391951433,52.99,60,13
"3",1.75518858560832,56.91,62,18
"4",1.78418920538096,60.84,56,28
"5",1.81130684008134,64.76,63,52
"6",1.83689351637643,68.69,59,53
"7",1.8609964367572,72.61,62,61
"8",1.88388845788848,76.54,60,60
