"","label","x0","x1","y0","y1"
"1",1,6.57895819640718,6.57895819640718,0,100
"2",2,16.6189581964072,16.6189581964072,0,100
"3",3,26.6589581964072,26.6589581964072,0,100
"4",4,36.6989581964072,36.6989581964072,0,100
"5",5,46.7389581964072,46.7389581964072,0,100
"6",6,56.7789581964072,56.7789581964072,0,100
"7",7,66.8189581964072,66.8189581964072,0,100
"8",8,76.8589581964072,76.8589581964072,0,100
"9",9,86.8989581964072,86.8989581964072,0,100
"10",10,96.9389581964072,96.9389581964072,0,100
