"","id","worm","bloss"
"1",1,32,6.96999979019165
"2",2,89,17
"3",3,92,18.3400001525879
"4",4,114,31.2399997711182
"5",5,220,5.03000020980835
"6",6,228,11.039999961853
"7",7,259,5.59999990463257
"8",8,525,36.7999992370605
"9",9,545,33.9000015258789
"10",10,594,33.7999992370605
"11",11,682,43
"12",12,911,54.7200012207031
"13",13,1012,86.6500015258789
"14",14,1054,40.4000015258789
"15",15,1929,77.3000030517578
