"","experiment","dose","response"
"1",1,0,28
"2",1,0.03,21
"3",1,0.1,11
"4",1,0.3,15
"5",1,1,5
"6",1,3,4
"7",1,10,1
"8",1,30,0
"9",1,100,0
"10",2,0,30
"11",2,0.0025,30
"12",2,0.02,25
"13",2,0.16,25
"14",2,1.28,10
"15",2,10.24,0
"16",2,81.92,0
"17",3,0,35
"18",3,0.00025,23
"19",3,0.002,14
"20",3,0.016,6
"21",3,0.128,5
"22",3,1.024,3
"23",3,8.192,2
"24",4,0,43
"25",4,0.00025,35
"26",4,0.002,20
"27",4,0.016,16
"28",4,0.128,11
"29",4,1.024,6
"30",4,8.192,0
