"","lWin","rWin","lPos","rPos","signal"
"1",676,683,8661607.92823932,8764264.01035178,3
"2",46,53,577441.461882621,680097.543995087,3
"3",361,368,4619524.69506097,4722180.77717344,3
"4",352,359,4504036.60268445,4606692.68479691,3
"5",640,647,8199655.55873322,8302311.64084569,0.33
