"","time","copper2"
"1",1,3.2592207
"2",2,3.1895266
"3",3,3.7470782
"4",4,3.8570268
"5",5,4.8135085
"6",6,5.3147049
"7",7,3.7199948
"8",8,3.1431502
"9",9,3.6870024
"10",10,3.7921632
"11",11,3.4999505
"12",12,3.5412841
"13",13,3.4988042
"14",14,3.5984385
