"","time","eknives"
"1",1991,19
"2",1991.08333333333,15
"3",1991.16666666667,39
"4",1991.25,102
"5",1991.33333333333,90
"6",1991.41666666667,29
"7",1991.5,90
"8",1991.58333333333,46
"9",1991.66666666667,30
"10",1991.75,66
"11",1991.83333333333,80
"12",1991.91666666667,89
"13",1992,82
"14",1992.08333333333,17
"15",1992.16666666667,26
"16",1992.25,29
