"","time","paris"
"1",1,7.6
"2",1.08333333333333,7.1
"3",1.16666666666667,8.3
"4",1.25,11.5
"5",1.33333333333333,13.7
"6",1.41666666666667,17.2
"7",1.5,18.5
"8",1.58333333333333,19.7
"9",1.66666666666667,15.1
"10",1.75,8.9
"11",1.83333333333333,8.5
"12",1.91666666666667,8.5
"13",2,7.7
"14",2.08333333333333,6.9
"15",2.16666666666667,6.1
"16",2.25,10
"17",2.33333333333333,12
