"","time","ship"
"1",1,200
"2",1.08333333333333,135
"3",1.16666666666667,195
"4",1.25,197.5
"5",1.33333333333333,310
"6",1.41666666666667,175
"7",1.5,155
"8",1.58333333333333,130
"9",1.66666666666667,220
"10",1.75,277.5
"11",1.83333333333333,235
