"","age","mortality"
"1",20,0.00431
"2",21,0.00409
"3",22,0.00429
"4",23,0.00422
"5",24,0.0053
"6",25,0.00505
"7",26,0.00459
"8",27,0.00499
"9",28,0.00526
"10",29,0.00563
"11",30,0.00587
"12",31,0.00595
"13",32,0.00647
"14",33,0.00669
"15",34,0.00746
"16",35,0.0076
"17",36,0.00778
"18",37,0.00828
"19",38,0.00846
"20",39,0.00836
"21",40,0.00916
"22",41,0.00956
"23",42,0.01014
"24",43,0.01076
"25",44,0.01134
"26",45,0.01124
